BEGIN TRANSACTION;
CREATE TABLE IF NOT EXISTS "users" (
	"id"	INTEGER,
	"username"	text,
	"email"	text UNIQUE,
	"password"	text,
	"createdAt"	DATETIME DEFAULT CURRENT_TIMESTAMP,
	"updatedAt"	text,
	CONSTRAINT "email_unique" UNIQUE("email"),
	PRIMARY KEY("id" AUTOINCREMENT)
);
CREATE TABLE IF NOT EXISTS "messages" (
	"msg_id"	INTEGER,
	"name"	text,
	"email"	text,
	"msg"	text,
	"created_at"	DATETIME DEFAULT CURRENT_TIMESTAMP,
	CONSTRAINT "msg_id_unique" UNIQUE("msg_id"),
	PRIMARY KEY("msg_id" AUTOINCREMENT)
);
CREATE TABLE IF NOT EXISTS "translations" (
	"translation_id"	INTEGER,
	"de_id"	text,
	"eng_id"	text,
	"item_type"	text,
	CONSTRAINT "translation_id_unique" UNIQUE("translation_id"),
	PRIMARY KEY("translation_id" AUTOINCREMENT)
);
CREATE TABLE IF NOT EXISTS "posts" (
	"post_id"	INTEGER,
	"page_id"	INTEGER,
	"title"	text,
	"content"	text,
	"type"	text,
	"ord"	INTEGER,
	"language"	TEXT,
	CONSTRAINT "post_id_unique" UNIQUE("post_id"),
	PRIMARY KEY("post_id" AUTOINCREMENT)
);
CREATE TABLE IF NOT EXISTS "bookings" (
	"booking_id"	INTEGER,
	"first_name"	text,
	"last_name"	text,
	"email"	text,
	"telephone"	text,
	"room"	text,
	"guest_count"	text,
	"arrival"	text,
	"departure"	text,
	"notes"	text,
	"created_at"	DATETIME DEFAULT CURRENT_TIMESTAMP,
	CONSTRAINT "booking_id_unique" UNIQUE("booking_id"),
	PRIMARY KEY("booking_id" AUTOINCREMENT)
);
CREATE TABLE IF NOT EXISTS "pages" (
	"page_id"	INTEGER,
	"title"	text,
	"link"	text UNIQUE,
	"ord"	INTEGER,
	"createdAt"	DATETIME DEFAULT CURRENT_TIMESTAMP,
	"language"	TEXT,
	CONSTRAINT "link_unique" UNIQUE("link"),
	PRIMARY KEY("page_id" AUTOINCREMENT)
);
INSERT INTO "users" VALUES (1,'admin','admin@example.com','4e8ebcd339d2e7450e43ef7cfe3da267','2021-07-21 18:14:21',NULL);
INSERT INTO "users" VALUES (2,'user','user@example.com','user123456','2021-07-21 18:14:21',NULL);
INSERT INTO "messages" VALUES (1,'test','test@test.de','sjvnsodivnosdiv','2021-09-07 14:16:20');
INSERT INTO "messages" VALUES (2,'torun','dnelband@gamil.com','hahahahah','2021-09-07 14:20:42');
INSERT INTO "messages" VALUES (3,'torun','dnelband@gamil.com','hahahahah','2021-09-07 14:22:14');
INSERT INTO "messages" VALUES (4,'torun','dnelband@gmail.com','jdvnsoidvn','2021-09-07 14:23:25');
INSERT INTO "messages" VALUES (5,'torun','test@tes.de','kjfvnjosfvn','2021-09-07 14:36:00');
INSERT INTO "messages" VALUES (6,'hahah','test@test.de','hahahahah','2021-09-07 14:37:23');
INSERT INTO "messages" VALUES (7,'torun','test@tes.de','soosndvfisvkm','2021-09-07 14:39:09');
INSERT INTO "messages" VALUES (8,'hello','torun.wikstrom@gmail.com','hello im am a tes','2021-09-20 15:52:34');
INSERT INTO "messages" VALUES (9,'torun wistrom','torun@gmail.com','hello i am test','2021-09-20 15:54:21');
INSERT INTO "messages" VALUES (10,'asfsafas','q@q.com','sffsafsa','2021-09-20 15:55:19');
INSERT INTO "messages" VALUES (11,'asdsa','a@a.com','temögdsöjgdsöl','2021-09-20 15:57:37');
INSERT INTO "messages" VALUES (12,'torun wikstrom','torun.wikstrom@gmail.com','this is a test','2021-09-21 12:42:27');
INSERT INTO "messages" VALUES (13,'torun wikstrom','dnelband@gmail.com','this is a test','2021-09-21 12:44:00');
INSERT INTO "messages" VALUES (14,'torun wikstrom','torun.wikstrom@gmail.com','anther test','2021-09-21 13:09:21');
INSERT INTO "translations" VALUES (3,'1','10','page');
INSERT INTO "translations" VALUES (7,'8','38','post');
INSERT INTO "translations" VALUES (8,'2','43','post');
INSERT INTO "translations" VALUES (9,'2','44','post');
INSERT INTO "translations" VALUES (10,'2','45','post');
INSERT INTO "translations" VALUES (11,'33','46','post');
INSERT INTO "translations" VALUES (12,'15','49','post');
INSERT INTO "translations" VALUES (13,'48','50','post');
INSERT INTO "translations" VALUES (14,'31','51','post');
INSERT INTO "translations" VALUES (15,'32','52','post');
INSERT INTO "translations" VALUES (16,'32','53','post');
INSERT INTO "translations" VALUES (17,'34','54','post');
INSERT INTO "translations" VALUES (18,'35','55','post');
INSERT INTO "translations" VALUES (19,'36','56','post');
INSERT INTO "translations" VALUES (20,'37','57','post');
INSERT INTO "translations" VALUES (21,'37','58','post');
INSERT INTO "translations" VALUES (22,'2','11','page');
INSERT INTO "translations" VALUES (23,'4','12','page');
INSERT INTO "translations" VALUES (24,'5','13','page');
INSERT INTO "translations" VALUES (25,'6','14','page');
INSERT INTO "translations" VALUES (26,'9','15','page');
INSERT INTO "translations" VALUES (27,'16','59','post');
INSERT INTO "translations" VALUES (28,'17','60','post');
INSERT INTO "translations" VALUES (29,'18','61','post');
INSERT INTO "translations" VALUES (30,'19','62','post');
INSERT INTO "translations" VALUES (31,'20','63','post');
INSERT INTO "translations" VALUES (32,'21','64','post');
INSERT INTO "translations" VALUES (33,'23','65','post');
INSERT INTO "translations" VALUES (34,'24','66','post');
INSERT INTO "translations" VALUES (35,'25','67','post');
INSERT INTO "translations" VALUES (36,'30','68','post');
INSERT INTO "translations" VALUES (37,'26','69','post');
INSERT INTO "translations" VALUES (38,'27','70','post');
INSERT INTO "translations" VALUES (39,'28','71','post');
INSERT INTO "translations" VALUES (40,'29','72','post');
INSERT INTO "translations" VALUES (41,'22','73','post');
INSERT INTO "translations" VALUES (42,'22','74','post');
INSERT INTO "translations" VALUES (43,'75','77','post');
INSERT INTO "translations" VALUES (44,'87','88','post');
INSERT INTO "translations" VALUES (45,'89','90','post');
INSERT INTO "translations" VALUES (46,'91','92','post');
INSERT INTO "translations" VALUES (47,'93','94','post');
INSERT INTO "translations" VALUES (48,'20','21','page');
INSERT INTO "translations" VALUES (49,'95','96','post');
INSERT INTO "translations" VALUES (50,'23',NULL,'page');
INSERT INTO "translations" VALUES (51,'24',NULL,'page');
INSERT INTO "translations" VALUES (52,'25',NULL,'page');
INSERT INTO "translations" VALUES (53,'26',NULL,'page');
INSERT INTO "translations" VALUES (54,'26',NULL,'page');
INSERT INTO "translations" VALUES (55,'27','28','page');
INSERT INTO "translations" VALUES (56,'29','30','page');
INSERT INTO "translations" VALUES (57,'53','97','post');
INSERT INTO "translations" VALUES (58,'78','98','post');
INSERT INTO "translations" VALUES (61,'35','36','page');
INSERT INTO "translations" VALUES (63,'39','40','page');
INSERT INTO "translations" VALUES (66,'41','42','page');
INSERT INTO "translations" VALUES (68,'103','104','post');
INSERT INTO "translations" VALUES (70,'107','108','post');
INSERT INTO "translations" VALUES (71,'47','48','page');
INSERT INTO "translations" VALUES (72,'49','50','page');
INSERT INTO "translations" VALUES (73,'109','110','post');
INSERT INTO "translations" VALUES (74,'111','112','post');
INSERT INTO "translations" VALUES (76,'51','52','page');
INSERT INTO "translations" VALUES (77,'54',NULL,'page');
INSERT INTO "translations" VALUES (78,'55',NULL,'page');
INSERT INTO "translations" VALUES (79,'56','57','page');
INSERT INTO "translations" VALUES (80,'56',NULL,'page');
INSERT INTO "translations" VALUES (81,'58','59','page');
INSERT INTO "translations" VALUES (82,'115','116','post');
INSERT INTO "translations" VALUES (84,'62','63','page');
INSERT INTO "translations" VALUES (92,'79','127','post');
INSERT INTO "translations" VALUES (93,'80','128','post');
INSERT INTO "translations" VALUES (94,'81','129','post');
INSERT INTO "translations" VALUES (95,'82','130','post');
INSERT INTO "posts" VALUES (2,2,'','<p class="ql-align-justify">Unsere Bar ist gleichzeitig die Rezeption der Herberge und hat täglich ab 17 Uhr geöffnet.</p><p class="ql-align-justify">Hier könnt ihr Billard spielen, dem Alkohol frönen oder einen unserer vielen Säfte probieren.</p><p class="ql-align-justify">Kicker und gute Musik gibts for free!!</p><p class="ql-align-justify"><br></p><p class="ql-align-center"><img src="/pictures/bar 2_1632391982120.jpg"></p>','article',1,'DE');
INSERT INTO "posts" VALUES (8,1,'Rock''n''Roll Herberge - Die Absteige für Rockstars & Hosenträger','<p>Die Rock''n''Roll Herberge - Ein Wohnzimmer mit Übernachtungsmöglichkeiten.</p><p>Die insgesamt 6 Zimmer mit Platz für jeweils 1-5 Personen wurden liebevoll von verschiedenen Berliner Künstlern gestaltet.</p><p>Sowohl durchgerockte Musiker on Tour als auch aufgeschlossene Touristen sollen sich bei uns wohlfühlen.</p><p>Das Konzept ist simpel: wir haben für Musiker und Musikliebhaber, einen Platz geschaffen, an dem sie sich einfach nur wie zuhause fühlen können. Gerade für Bands auf längerer Tour bietet unsere Rock'' n'' Roll Herberge eine Alternative zum engen Nightliner und den unpersönlichen Hotels. Es gibt in allen Zimmern W-Lan. Für unsere Barbesucher gibt es&nbsp;im Sommer vor dem Haus eine Außenbewirtschaftung auf dem Gehweg. Unsere Hausbar bietet täglich bis in die Morgenstunden eine reichhaltige Auswahl an Getränken an.</p><p>In diesem Sinne freuen wir uns, auch Dich und Deine Freunde bald hier bei uns willkommen zu heißen.</p><p><br></p><p><img src="/pictures/bar 1_1632391888909.jpg"></p><p><br></p><p><br></p><h2 class="ql-align-right">Euer Rock n'' Roll Herberge Team</h2><p><br></p><p><br></p><p><strong>Achtung:</strong>&nbsp;<em>Nazis, Faschisten, Rassisten, Homophobe, Sexisten und jegliche wie auch immer gearteten intoleranten Spießer müssen draußen bleiben.</em></p><p class="ql-align-justify"><br></p><p class="ql-align-justify"><br></p>','article',1,'DE');
INSERT INTO "posts" VALUES (12,8,'Want to explore more of Berlin?','<h1>Booking companies</h1><p class="ql-align-justify"><a href="http://www.destiny-tourbooking.com/" rel="noopener noreferrer" target="_blank">Destiny Tourbooking</a></p><p class="ql-align-justify"><a href="http://www.koeterhai.de/" rel="noopener noreferrer" target="_blank">Köterhai Booking</a></p><p class="ql-align-justify"><a href="http://www.mad-tourbooking.de/" rel="noopener noreferrer" target="_blank">M.A.D. Tourbooking</a></p><p class="ql-align-justify"><a href="http://www.muttis-booking.com/" rel="noopener noreferrer" target="_blank">Mutti''s Booking</a></p><p class="ql-align-justify"><a href="http://www.trinityconcerts.de/" rel="noopener noreferrer" target="_blank">Trinity Music</a></p><p class="ql-align-justify"><a href="http://www.universal-music.de/" rel="noopener noreferrer" target="_blank">Universal Music</a></p><p class="ql-align-justify"><a href="http://www.weird-world.de/" rel="noopener noreferrer" target="_blank">Weird World</a></p><p class="ql-align-justify"><a href="http://www.phonocaster.com/" rel="noopener noreferrer" target="_blank">Phonocaster Music</a></p><h1>Recordlabels</h1><p class="ql-align-justify"><a href="http://www.coretexrecords.com/" rel="noopener noreferrer" target="_blank">Coretex Records</a></p><p class="ql-align-justify"><a href="http://www.monotonstudio-records.de/" rel="noopener noreferrer" target="_blank">Monotonstudio Records</a></p><h1>Event locations (Berlin)</h1><p class="ql-align-justify"><a href="http://super.tacheles.de/cms/" rel="noopener noreferrer" target="_blank">Tacheles</a></p><p class="ql-align-justify"><a href="http://www.clash-berlin.de/" rel="noopener noreferrer" target="_blank">Clash</a></p><p class="ql-align-justify"><a href="http://www.bi-nuu.de/" rel="noopener noreferrer" target="_blank">Bi Nuu</a></p><p class="ql-align-justify"><a href="http://www.lido-berlin.de/" rel="noopener noreferrer" target="_blank">Lido</a></p><p class="ql-align-justify"><a href="http://www.astra-berlin.de/" rel="noopener noreferrer" target="_blank">Astra Kulturhaus</a></p><p class="ql-align-justify"><a href="http://koepi137.net/" rel="noopener noreferrer" target="_blank">Köpi</a></p><p class="ql-align-justify"><a href="http://www.so36.de/" rel="noopener noreferrer" target="_blank">SO36</a></p><p class="ql-align-justify"><a href="http://www.tommyhaus.org/" rel="noopener noreferrer" target="_blank">Tommyhaus</a></p><p class="ql-align-justify"><a href="http://www.trinkteufel.de/" rel="noopener noreferrer" target="_blank">Trinkteufel</a></p><p class="ql-align-justify"><a href="http://www.wildatheartberlin.de/" rel="noopener noreferrer" target="_blank">Wild at Heart</a></p><p class="ql-align-justify"><a href="http://www.weissetaube-berlin.de/" rel="noopener noreferrer" target="_blank">Weisse Taube</a></p><p class="ql-align-justify"><a href="http://www.myspace.com/cortinabobberlin/" rel="noopener noreferrer" target="_blank">Cortina Bob</a></p><p class="ql-align-justify"><a href="http://www.festsaal-kreuzberg.de/" rel="noopener noreferrer" target="_blank">Festsaal Kreuzberg</a></p><p class="ql-align-justify"><a href="http://www.rigaer94.squat.net/" rel="noopener noreferrer" target="_blank">R94 (former squat)</a></p><p class="ql-align-justify"><a href="http://www.augspurger-muehle.de/" rel="noopener noreferrer" target="_blank">Augspurger Mühle (beer garden &amp; restaurant)</a></p><h1>Other</h1><p class="ql-align-justify"><a href="http://www.alternativeberlin.com/" rel="noopener noreferrer" target="_blank">Alternative berlin tours</a></p><p class="ql-align-justify"><a href="http://www.sallys.net/" rel="noopener noreferrer" target="_blank">Unclesally*s (Music Magazin)</a></p><p class="ql-align-justify"><a href="http://www.skanstulls.se/" rel="noopener noreferrer" target="_blank">Skanstulls (Hostel in Stockholm)</a></p><p class="ql-align-justify"><a href="http://www.flyerei-berlin.de/" rel="noopener noreferrer" target="_blank">Flyerei Berlin</a></p><p class="ql-align-justify"><a href="http://www.ghettopimps.de/" rel="noopener noreferrer" target="_blank">Ghettopimps (Graffiti-art)</a></p><p class="ql-align-justify"><a href="http://www.augspurger-muehle.de/" rel="noopener noreferrer" target="_blank">Augspurger Mühle (beer garden &amp; restaurant)</a></p><p><br></p>','article',1,'DE');
INSERT INTO "posts" VALUES (15,2,'Vom fass','<p>Hausmarke 0,4l (auch Radler oder Diesel) 2.70</p><p>Pilsner Urquell 0,3l (auch Radler oder Diesel) 2.60</p><p>Pilsner Urquell 0,5l (auch Radler oder Diesel) 3.60</p><p>Rothaus Pils 0,3l (auch Radler oder Diesel) 2.80</p><p>Rothaus Pils 0,5l (auch Radler oder Diesel) 3.80</p><p>Rollberg Rotbier 0,3l 2.90</p><p>Rollberg Rotbier 0,5l 3.90</p><p>Snakebite 0,5l 4.70</p>','drinks',4,'DE');
INSERT INTO "posts" VALUES (16,2,'Öffnungszeiten','<p>Jeden Tag von 17uhr bis Open End!</p><p><br></p><p>Hofmann &amp; Keitel GbR</p><p>Muskauer Str. 11</p><p>10997 Berlin</p><p>Kontakt:</p><p>Telefon: +49 (0) 30 61 62 36 00</p><p>Telefax: +49 (0) 30 61 62 69 88</p>','article',2,'DE');
INSERT INTO "posts" VALUES (17,4,'Jeden Dienstag','<p class="ql-align-center"><img src="/pictures/jeden dienstag_1629460386615.jpg"></p>','article',1,'DE');
INSERT INTO "posts" VALUES (18,4,'Jeden Donnerstag','<p class="ql-align-center"><img src="/pictures/jeden donnerstag_1629460406389.jpg"></p>','article',2,'DE');
INSERT INTO "posts" VALUES (19,5,'Hier ein Überblick über unsere Zimmer','<p class="ql-align-justify">Die angegebenen Zimmerpreise sind inklusive MwSt. und Citytax. Sie beziehen sich auf eine Nacht.</p><p class="ql-align-justify">Mehrbettzimmer für 3-5 Personen auf Anfrage möglich.</p><p class="ql-align-justify">Bitte habt Verständnis dafür, dass bei kurzfristiger Absage (3 Tage oder weniger vor Anreise) bzw. Nichtanreise eine Stornogebühr anfällt. Näheres findet Ihr in unseren&nbsp;<a href="http://www.rnrherberge.de/index.php?id=39" rel="noopener noreferrer" target="_blank" style="color: rgb(222, 3, 24);"><em>AGBs</em></a>.</p><p class="ql-align-justify">Check in ab&nbsp;17&nbsp;Uhr, checkout bis 14 Uhr, dafür einfach den&nbsp;Schlüssel von innen in der Zimmertüre stecken lassen.</p><p class="ql-align-justify">Bei Late Check in nach 0&nbsp;Uhr ruft bitte kurz an unter&nbsp;030 6162 3600&nbsp;</p><p class="ql-align-justify">Die Zimmer werden nie an mehrere unterschiedliche Gruppen oder Einzelpersonen vermietet.&nbsp;D.h. auch wenn ein Zimmer für bis zu 2 Personen buchbar ist, habt Ihr es trotzdem auf jeden Fall für Euch, auch wenn Ihr es alleine bucht!</p><p class="ql-align-justify"><br></p><h2 class="ql-align-justify"><strong style="color: rgb(230, 0, 0);">BITTE BENUTZ DAS UNTEREN FORMULAR, UM EIN ZIMMER ZU BUCHEN!</strong></h2>','article',1,'DE');
INSERT INTO "posts" VALUES (20,5,'Zimmer 1','<p>Zimmer 1: EG, 140er Matratze oben, 90er Matratze unten, Dusche/WC im Zimmer integriert (nicht abschließbar)</p><p><br></p><p>1 Person&nbsp;- 38,- € Zimmerpreis pro Nacht</p><p>2 Personen&nbsp;- 54€ Zimmerpreis pro Nacht</p><p>3 Personen&nbsp;- 66€ Zimmerpreis pro Nacht</p><p><br></p><p><img src="/pictures/test_1631018785594.jpg">  <img src="/pictures/test2_1631018798589.jpg"></p>','article',2,'DE');
INSERT INTO "posts" VALUES (21,5,'Zimmer 3','<p>Zimmer 3: 1. OG, 5x 90er Matratze, Betten nebeneinander, geräumig, Dusche/WC nächste Tür</p><p><br></p><p>1 Person&nbsp;- 44€ Zimmerpreis pro Nacht</p><p>2 Personen&nbsp;- 60€ Zimmerpreis pro Nacht</p><p>3 Personen&nbsp;- 75€ Zimmerpreis pro Nacht</p><p>4 Personen&nbsp;- 92€ Zimmerpreis pro Nacht</p><p>5 Personen&nbsp;- 100€ Zimmerpreis pro Nacht</p><p class="ql-align-justify"><br></p><p class="ql-align-center"><img src="/pictures/1_1632392707336.jpg"></p><p class="ql-align-center"><br></p><p class="ql-align-center"><br></p><p class="ql-align-center"><img src="/pictures/3_1632392719531.jpg"></p><p class="ql-align-center"><br></p><p class="ql-align-center"><br></p><p class="ql-align-center"><img src="/pictures/2_1632392748093.jpg"></p>','article',3,'DE');
INSERT INTO "posts" VALUES (22,5,'Zimmer 4','<p>Zimmer 4: 1. OG, 3x 90er Matratze, 2x Betten übereinander, 1x daneben, Dusche/WC nächste Tür</p><p><br></p><p>1 Person&nbsp;- 38€ Zimmerpreis pro Nacht</p><p>2 Personen&nbsp;- 54€ Zimmerpreis pro Nacht</p><p>3 Personen&nbsp;- 66€ Zimmerpreis pro Nacht</p><p><br></p><p class="ql-align-center"><img src="/pictures/2_1632392886308.jpg"></p><p class="ql-align-center"><br></p><p class="ql-align-center"><br></p><p class="ql-align-center"><img src="/pictures/1_1632392999558.jpg"></p><p class="ql-align-center"><br></p><p class="ql-align-center"><br></p><p class="ql-align-center"><img src="/pictures/3_1632392904709.jpg"></p>','article',4,'DE');
INSERT INTO "posts" VALUES (23,5,'Zimmer 5','<p>Zimmer 5: 1. OG, 2x 90er Matratze, Betten übereinander, Dusche/WC nächste Tür</p><p><br></p><p>1 Person&nbsp;- 38€ Zimmerpreis pro Nacht</p><p>2 Personen&nbsp;- 54€ Zimmerpreis pro Nacht</p><p><br></p><p class="ql-align-center"><img src="/pictures/1_1632393024507.jpg"></p><p class="ql-align-center"><br></p><p class="ql-align-center"><br></p><p class="ql-align-center"><img src="/pictures/2_1632393048398.jpg"></p>','article',5,'DE');
INSERT INTO "posts" VALUES (24,5,'Zimmer 6','<p>Zimmer 6: 1. OG, 5x 90er Matratze, Betten nebeneinander, geräumig, Dusche/WC nächste Tür</p><p><br></p><p>1 Person&nbsp;- 44€ Zimmerpreis pro Nacht</p><p>2 Personen&nbsp;- 60€ Zimmerpreis pro Nacht</p><p>3 Personen&nbsp;- 75€ Zimmerpreis pro Nacht</p><p>4 Personen&nbsp;- 92€ Zimmerpreis pro Nacht</p><p>5 Personen&nbsp;- 100€ Zimmerpreis pro Nacht</p><p><br></p><p class="ql-align-center"><img src="/pictures/2_1632393286666.jpg"></p><p class="ql-align-center"><br></p><p class="ql-align-center"><br></p><p class="ql-align-center"><img src="/pictures/1_1632393297409.jpg"></p>','article',6,'DE');
INSERT INTO "posts" VALUES (25,5,'Zimmer 7','<p>Zimmer 7: 1. OG, großes Bett mit 160er Matratze (von beiden Seiten begehbar) und Hochbett mit 120er Matratze, geräumig, zimmereigene Dusche/WC abschließbar</p><p><br></p><p>1 Person&nbsp;- 49€ Zimmerpreis pro Nacht</p><p>2 Personen&nbsp;- 66€ Zimmerpreis pro Nacht</p><p>3 Personen&nbsp;- 75€ Zimmerpreis pro Nacht</p><p><br></p><p class="ql-align-center"><img src="/pictures/1_1632393369734.jpg"></p><p class="ql-align-center"><br></p><p class="ql-align-center"><br></p><p class="ql-align-center"><img src="/pictures/2_1632393380355.jpg"></p><p class="ql-align-center"><br></p><p class="ql-align-center"><br></p><p class="ql-align-center"><img src="/pictures/3_1632393390610.jpg"></p>','article',7,'DE');
INSERT INTO "posts" VALUES (26,6,'Anfahrt','','map',1,'DE');
INSERT INTO "posts" VALUES (27,6,'adresse:','<p>Muskauer Straße 11</p><p>10997 Berlin Kreuzberg</p>','article',2,'DE');
INSERT INTO "posts" VALUES (29,9,'','','message',2,'DE');
INSERT INTO "posts" VALUES (30,5,'Zimmerbuchung:','','booking',8,'DE');
INSERT INTO "posts" VALUES (31,2,'wein & sekt','<p>Primitivo Puglie (trocken) 0,2l 3.80</p><p>Weisswein Valdoyeros Rueda (trocken) 0,2l 3.50</p><p>Weisswein Riesling Tesch (trocken) 0,2l 3.50</p><p>Sekt Sekoi (trocken) 0,1l 2.70</p><p>Sekt auf Eis 0,2l 4.50</p><p>Sekt-Aperol 0,2l 5.00</p>','drinks',5,'DE');
INSERT INTO "posts" VALUES (32,2,'Hartes & Zartes 2cl','<p>Berliner Luft 1.50</p><p>Waldmeister 1.50</p><p>Echter Nordhäuser Dopplekorn 1.50</p><p>Kümmeling 1.50</p><p>Eierlikör 1.50</p><p>Jägermeister 2</p><p>Sambuca 2</p><p>Parliament Wodka 2</p><p>Russian Standard Wodka 2</p><p>Grasovka Wodka 2</p><p>Linie Aquavit 2.50</p><p>Brandy (103er, Osborne, Veterano) 2.50</p><p>Obstbrand (diverse Sorten) 2.50</p><p>Mescal 2.50</p><p>Tequila Corralejo Blanco (silber) 2.50</p><p>Tequila Corralejo Reposado (braun) 2.50</p><p>Tequila Corralejo Anejo (braun) 2.50</p>','drinks',7,'DE');
INSERT INTO "posts" VALUES (33,2,'Getränke karte','','article',3,'DE');
INSERT INTO "posts" VALUES (34,2,'Selbstgemixt 2cl','<p>Rock''n''Rolla 1.50</p><p>Mexicaner 1.50</p><p>Sauerer 1.50</p><p>Wodka Lime 1.50</p><p>Commander OLF 1.50</p><p>B 52 3</p>','drinks',9,'DE');
INSERT INTO "posts" VALUES (35,2,'On the rocks 4cl','<p>Hemingway 4</p><p>Baileys 4</p><p>Ramazotti 4</p><p>Pernod Ricard 4</p>','drinks',10,'DE');
INSERT INTO "posts" VALUES (36,2,'Longdrinks','<p>Finsbury Gin 4cl + Thomas Henry Tonic 0,2l 6</p><p>Bombay Gin 4cl + Thomas Henry Tonic 0,2l 7</p><p>Hendrick''s Gin 4cl + Thomas Henry Tonic 0,2l 8</p><p>Monkey 47 Gin 4cl + Thomas Henry Tonic 0,2l 9</p><p>Futschi (2cl Weinbrand mit Cola) 2.50</p><p>Kornschorle (2cl Korn mit Sprudle) 2.50</p><p>Wodka 4cl + 0,25l Red Bull 6.50</p><p>Wodka 4cl + Mio Mio Mate 0,5l 6.50</p><p>Wodka 4cl + Filler (offen) 5.50</p><p>Wodka 4cl + Thomas Henry 0,2l/Saftflasche 0,2l 6</p>','drinks',11,'DE');
INSERT INTO "posts" VALUES (37,2,'Whiskey &  artverwandtes','<p>Irish Mist Liqueur 4.50</p><p>Southern Comforter Liqueur 4.50</p><p>Four Rose''s 4.50</p><p>Jim Bean 4.50</p><p>Jack Daniel''s 5</p><p>Paddy Irish 4.50</p><p>Tullamore Dew Irish 4.50</p><p>Jameson Irish 4.50</p><p>Red Breats Irish (12 Jahre) 7.50</p><p>Laphroaig Scotch (10 Jahre) 7</p><p>Auchentoshan Scotch (12 Jahre) 7</p><p>Lagavulin Scotch (16 Jahre) 8</p><p><br></p><p>serviert im Tumbler, mit Filler (offen) +1</p><p>mit Thomas Henry 0,2l oder Saftflasche 0,2l +2</p>','drinks',12,'DE');
INSERT INTO "posts" VALUES (38,10,'We''re looking forward to your visit!','<p class="ql-align-justify">The Rock''n''Roll Herberge - a Living room with possibility to stay overnight.</p><p class="ql-align-justify">The 6 rooms with space for 1-5 persons are designed with love&nbsp;by several&nbsp;local artists.</p><p class="ql-align-justify">Tired&nbsp;musicians as well as open minded tourists should be comfortable at our house.</p><p class="ql-align-justify">The Concept is easy: we created a place for musicians and music-lovers to feel like home. Especially for bands on tour, our house is a very good alternative to the cramped tour bus or the clinical hotel.</p><p class="ql-align-justify">We offer WiFi in all our rooms. Our bar has got an outside-area, where you can enjoy your drinks or breakfast during the warmer times in the sun.</p><p class="ql-align-justify">We give you a huge assortment of drinks in our bar till the morning&nbsp;hours or open end.</p><p class="ql-align-justify">&nbsp;</p><p class="ql-align-justify">In this spirit we''re looking forward to welcome you and your friends here soon.</p><p class="ql-align-justify"><br></p><p class="ql-align-justify"><img src="/pictures/bar 1_1632391919417.jpg"></p><p class="ql-align-justify"><br></p><p class="ql-align-justify"><br></p><h2 class="ql-align-right">Your Rock n'' Roll Herberge Team</h2><p class="ql-align-right"><br></p><p class="ql-align-justify"><strong>Warning:</strong>&nbsp;<em>Nazis, fascists, racists, homophobics, sexists and any other intolerant twats have to STAY OUT!!</em></p>','article',1,'EN');
INSERT INTO "posts" VALUES (43,11,'','<p>Our bar is also the reception for our rooms and opens every day at 5 p.m.</p><p>You can play billiard, booze or try one of our numerous juices.</p><p>Table soccer and good music are free!!</p><p><br></p><p class="ql-align-center"><img src="/pictures/bar 2_1632391990504.jpg"></p>','article',1,'EN');
INSERT INTO "posts" VALUES (46,11,'Drinks','','article',3,'EN');
INSERT INTO "posts" VALUES (48,2,'Flaschenbier','<p>Rothause Tannenzäpfel 0,33l 2.60</p><p>Flensburger 0,33l 2.30</p><p>Bayreuther Hell 0,5l 3.10</p><p>Hopf Helles Hefeweizen 0,5l 3.40</p><p>Hopf Dunkles Hefeweizen 0,5l 3.40</p><p>Erdinger Kristall 0,5l 3.60</p><p>OSTMOST Cider wild 0,33l 3.30</p><p>Erdinger Hefeweizen alkoholfrei 0,5l 3.40</p><p>Rothaus Tannenzäpfle alkoholfrei 0,33l 2.60</p>','drinks',6,'DE');
INSERT INTO "posts" VALUES (49,11,'On tap','<p>Hausmarke 0,4l (auch Radler oder Diesel) 2.70</p><p>Pilsner Urquell 0,3l (auch Radler oder Diesel) 2.60</p><p>Pilsner Urquell 0,5l (auch Radler oder Diesel) 3.60</p><p>Rothaus Pils 0,3l (auch Radler oder Diesel) 2.80</p><p>Rothaus Pils 0,5l (auch Radler oder Diesel) 3.80</p><p>Rollberg Rotbier 0,3l 2.90</p><p>Rollberg Rotbier 0,5l 3.90</p><p>Snakebite 0,5l 4.70</p>','drinks',4,'EN');
INSERT INTO "posts" VALUES (50,11,'Bottled beers','<p>Rothause Tannenzäpfel 0,33l 2.60</p><p>Flensburger 0,33l 2.30</p><p>Bayreuther Hell 0,5l 3.10</p><p>Hopf Helles Hefeweizen 0,5l 3.40</p><p>Hopf Dunkles Hefeweizen 0,5l 3.40</p><p>Erdinger Kristall 0,5l 3.60</p><p>OSTMOST Cider wild 0,33l 3.30</p><p>Erdinger Hefeweizen alkoholfrei 0,5l 3.40</p><p>Rothaus Tannenzäpfle alkoholfrei 0,33l 2.60</p>','drinks',6,'EN');
INSERT INTO "posts" VALUES (51,11,'wine & sparkling wine','<p>Primitivo Puglie (trocken) 0,2l 3.80</p><p>Weisswein Valdoyeros Rueda (trocken) 0,2l 3.50</p><p>Weisswein Riesling Tesch (trocken) 0,2l 3.50</p><p>Sekt Sekoi (trocken) 0,1l 2.70</p><p>Sekt auf Eis 0,2l 4.50</p><p>Sekt-Aperol 0,2l 5.00</p>','drinks',5,'EN');
INSERT INTO "posts" VALUES (52,11,'Shots 2cl','<p>Berliner Luft 1.50</p><p>Waldmeister 1.50</p><p>Echter Nordhäuser Dopplekorn 1.50</p><p>Kümmeling 1.50</p><p>Eierlikör 1.50</p><p>Jägermeister 2</p><p>Sambuca 2</p><p>Parliament Wodka 2</p><p>Russian Standard Wodka 2</p><p>Grasovka Wodka 2</p><p>Linie Aquavit 2.50</p><p>Brandy (103er, Osborne, Veterano) 2.50</p><p>Obstbrand (diverse Sorten) 2.50</p><p>Mescal 2.50</p><p>Tequila Corralejo Blanco (silber) 2.50</p><p>Tequila Corralejo Reposado (braun) 2.50</p><p>Tequila Corralejo Anejo (braun) 2.50</p>','drinks',7,'EN');
INSERT INTO "posts" VALUES (53,2,'Shots 2cl','<p>Berliner Luft 1.50</p><p>Waldmeister 1.50</p><p>Echter Nordhäuser Dopplekorn 1.50</p><p>Kümmeling 1.50</p><p>Eierlikör 1.50</p><p>Jägermeister 2</p><p>Sambuca 2</p><p>Parliament Wodka 2</p><p>Russian Standard Wodka 2</p><p>Grasovka Wodka 2</p><p>Linie Aquavit 2.50</p><p>Brandy (103er, Osborne, Veterano) 2.50</p><p>Obstbrand (diverse Sorten) 2.50</p><p>Mescal 2.50</p><p>Tequila Corralejo Blanco (silber) 2.50</p><p>Tequila Corralejo Reposado (braun) 2.50</p><p>Tequila Corralejo Anejo (braun) 2.50</p>','drinks',8,'DE');
INSERT INTO "posts" VALUES (54,11,'Homemade mix 2cl','<p>Rock''n''Rolla 1.50</p><p>Mexicaner 1.50</p><p>Sauerer 1.50</p><p>Wodka Lime 1.50</p><p>Commander OLF 1.50</p><p>B 52 3</p>','drinks',9,'EN');
INSERT INTO "posts" VALUES (55,11,'On the rocks 4cl','<p>Hemingway 4</p><p>Baileys 4</p><p>Ramazotti 4</p><p>Pernod Ricard 4</p>','drinks',10,'EN');
INSERT INTO "posts" VALUES (56,11,'Longdrinks','<p>Finsbury Gin 4cl + Thomas Henry Tonic 0,2l 6</p><p>Bombay Gin 4cl + Thomas Henry Tonic 0,2l 7</p><p>Hendrick''s Gin 4cl + Thomas Henry Tonic 0,2l 8</p><p>Monkey 47 Gin 4cl + Thomas Henry Tonic 0,2l 9</p><p>Futschi (2cl Weinbrand mit Cola) 2.50</p><p>Kornschorle (2cl Korn mit Sprudle) 2.50</p><p>Wodka 4cl + 0,25l Red Bull 6.50</p><p>Wodka 4cl + Mio Mio Mate 0,5l 6.50</p><p>Wodka 4cl + Filler (offen) 5.50</p><p>Wodka 4cl + Thomas Henry 0,2l/Saftflasche 0,2l 6</p>','drinks',11,'EN');
INSERT INTO "posts" VALUES (57,11,'Whiskey','<p>Irish Mist Liqueur 4.50</p><p>Southern Comforter Liqueur 4.50</p><p>Four Rose''s 4.50</p><p>Jim Bean 4.50</p><p>Jack Daniel''s 5</p><p>Paddy Irish 4.50</p><p>Tullamore Dew Irish 4.50</p><p>Jameson Irish 4.50</p><p>Red Breats Irish (12 Jahre) 7.50</p><p>Laphroaig Scotch (10 Jahre) 7</p><p>Auchentoshan Scotch (12 Jahre) 7</p><p>Lagavulin Scotch (16 Jahre) 8</p><p><br></p><p>serviert im Tumbler, mit Filler (offen) +1</p><p>mit Thomas Henry 0,2l oder Saftflasche 0,2l +2</p>','drinks',12,'EN');
INSERT INTO "posts" VALUES (59,11,'Opening hours','<p>Everyday from 5p.m. until Open End!</p><p><br></p><p>Hofmann &amp; Keitel GbR</p><p>Muskauer Str. 11</p><p>10997 Berlin</p><p>Kontakt:</p><p>Telefon: +49 (0) 30 61 62 36 00</p><p>Telefax: +49 (0) 30 61 62 69 88</p>','article',2,'EN');
INSERT INTO "posts" VALUES (60,12,'Every Tuesday','<p class="ql-align-center"><img src="/pictures/everytuesday_1630609735887.jpg"></p>','article',1,'EN');
INSERT INTO "posts" VALUES (61,12,'Every Thursday','<p class="ql-align-center"><img src="/pictures/everythursday_1630609757954.jpg"></p>','article',2,'EN');
INSERT INTO "posts" VALUES (62,13,'How to book a room','<p class="ql-align-justify">All prices including VAT and City-Tax.</p><p class="ql-align-justify">Please understand that you have pay a cancellation fee if you cancel if you cancel after 3 days prior to arrival or if you don''t come without canceling at all. More information in our&nbsp;<em>AGBs</em>&nbsp;(sorry, AGBs only in German language).</p><p class="ql-align-justify"><br></p><p class="ql-align-justify">Check-in from 5 p.m., checkout until 2 p.m.</p><p class="ql-align-justify">For late Check-in (after 12p.m.) please call us beforehand at&nbsp;030 6162 3600.</p><p class="ql-align-justify">For checkout just put the key in the lock from the inside of your room.</p><p class="ql-align-justify">We never rent the rooms to different parties, regardless of how many bed there are in the room. You''ll have it for yourself!</p><p class="ql-align-justify"><br></p><h2 class="ql-align-justify"><strong style="color: rgb(230, 0, 0);">BOOKING FORM BELOW</strong></h2>','article',1,'EN');
INSERT INTO "posts" VALUES (63,13,'Room 1','<p>Room 1: first floor. Bunk bed with 140cm mattress above, 90cm mattress below, shower/wc in the room (not lockable).</p><p><br></p><p>1 person - 38€ /price per night</p><p>2 persons&nbsp;- 54€ /price per night</p><p>3 persons&nbsp;- 66€ /price per night</p><p><br></p><p><img src="/pictures/test_1631018829575.jpg">  <img src="/pictures/test2_1631018839793.jpg"></p>','article',2,'EN');
INSERT INTO "posts" VALUES (64,13,'Room 3','<p>Room 3: second floor, 5x 90cm mattress, beds side by side, spacious, shower/WC next door.</p><p><br></p><p>1 person&nbsp;- 44€ /price per night</p><p>2 persons - 60€ /price per night</p><p>3 persons- 75€ /price per night</p><p>4 persons- 92€ /price per night</p><p>5 persons- 100€ /price per night</p><p><br></p><p class="ql-align-center"><img src="/pictures/1_1632392802969.jpg"></p><p class="ql-align-center"><br></p><p class="ql-align-center"><br></p><p class="ql-align-center"><img src="/pictures/3_1632392812373.jpg"></p><p class="ql-align-center"><br></p><p class="ql-align-center"><br></p><p class="ql-align-center"><img src="/pictures/2_1632392821537.jpg"></p>','article',3,'EN');
INSERT INTO "posts" VALUES (65,13,'Room 5','<p>Room 5: second floor, one bunk bed with 90cm mattress, shower/WC next door</p><p><br></p><p>1 person&nbsp;- 38€ /price per night</p><p>2 persons - 54€ /price per night</p><p><br></p><p class="ql-align-center"><img src="/pictures/1_1632393144049.jpg"></p><p class="ql-align-center"><br></p><p class="ql-align-center"><br></p><p class="ql-align-center"><img src="/pictures/2_1632393154139.jpg"></p>','article',5,'EN');
INSERT INTO "posts" VALUES (66,13,'Room 6','<p>Room 6: second floor, 5x 90cm mattress, beds side by side, spacious, shower/WC next door</p><p><br></p><p>1 person&nbsp;- 44€ /price per night</p><p>2 persons - 60€ /price per night</p><p>3 persons- 75€ /price per night</p><p>4 persons- 92€ /price per night</p><p>5 persons- 100€ /price per night</p><p><br></p><p class="ql-align-center"><img src="/pictures/2_1632393324236.jpg"></p><p class="ql-align-center"><br></p><p class="ql-align-center"><br></p><p class="ql-align-center"><img src="/pictures/1_1632393335258.jpg"></p>','article',6,'EN');
INSERT INTO "posts" VALUES (67,13,'Room 7','<p>Room 7: second floor, double bed with 160cm mattress (accessible from both sides) and a loft bed with 120cm mattress, spacious, shower/WC lockable</p><p><br></p><p>1 person&nbsp;- 49€ /price per night</p><p>2 persons - 66€ /price per night</p><p>3 persons - 75€ /price per night</p><p><br></p><p class="ql-align-center"><img src="/pictures/1_1632393438288.jpg"> </p><p class="ql-align-center"><br></p><p class="ql-align-center"><br></p><p class="ql-align-center"><img src="/pictures/2_1632393448746.jpg"></p><p class="ql-align-center"><br></p><p class="ql-align-center"><br></p><p class="ql-align-center"><img src="/pictures/3_1632393482134.jpg"></p>','article',7,'EN');
INSERT INTO "posts" VALUES (68,13,'Booking:','','booking',8,'EN');
INSERT INTO "posts" VALUES (69,14,'','','map',1,'EN');
INSERT INTO "posts" VALUES (70,14,'address:','<p>Muskauer Straße 11</p><p>10997 Berlin Kreuzberg</p>','article',2,'EN');
INSERT INTO "posts" VALUES (72,15,'','','message',2,'EN');
INSERT INTO "posts" VALUES (73,13,'Room 4','<p>Room 4: second floor, one bunk bed with 90cm mattress, and one bed with a 90cm mattress, shower/WC next door.</p><p><br></p><p>1 person&nbsp;- 38€ /price per night</p><p>2 persons - 54€ /price per night</p><p>3 persons - 66€ /price per night</p><p><br></p><p class="ql-align-center"><img src="/pictures/2_1632392924078.jpg"></p><p class="ql-align-center"><br></p><p class="ql-align-center"><br></p><p class="ql-align-center"><img src="/pictures/1_1632392932469.jpg"></p><p class="ql-align-center"><br></p><p class="ql-align-center"><br></p><p class="ql-align-center"><img src="/pictures/3_1632392942059.jpg"></p>','article',4,'EN');
INSERT INTO "posts" VALUES (75,9,'ABG & Imperessum','<p class="ql-align-justify"><strong>Impressum</strong></p><p class="ql-align-justify">Angaben gemäß § 5 TMG:</p><p class="ql-align-justify">Hofmann &amp; Keitel GbR</p><p class="ql-align-justify">Muskauer Str. 11</p><p class="ql-align-justify">10997 Berlin</p><p class="ql-align-justify"><br></p><p class="ql-align-justify">Vertreten durch:</p><p class="ql-align-justify">Manuela Hofmann</p><p class="ql-align-justify">Linda Keitel</p><p class="ql-align-justify"><br></p><p class="ql-align-justify">Kontakt:</p><p class="ql-align-justify">Telefon: +49 (0) 30 61 62 36 00</p><p class="ql-align-justify">Telefax: +49 (0) 30 61 62 69 88</p><p class="ql-align-justify">E-Mail:&nbsp;<a href="mailto:info@rnrherberge.de" rel="noopener noreferrer" target="_blank" style="color: rgb(222, 3, 24);"><em>info@rnrherberge.de</em></a></p><p class="ql-align-justify"><br></p><p class="ql-align-justify">Umsatzsteuer-ID:</p><p class="ql-align-justify">Umsatzsteuer-Identifikationsnummer gemäß §27 a Umsatzsteuergesetz:</p><p class="ql-align-justify">DE 275331722</p><p class="ql-align-justify"><br></p><p class="ql-align-justify">Steuernummer:</p><p class="ql-align-justify">14/350/00258</p><p class="ql-align-justify"><em>Quelle: Impressum erzeugt mit dem Impressum Generator von eRecht24.</em></p><p class="ql-align-justify"><br></p><p class="ql-align-justify"><br></p><p class="ql-align-justify"><br></p><p class="ql-align-justify"><br></p><p class="ql-align-justify"><strong>Haftungsausschluss:</strong></p><p class="ql-align-justify">Haftung für Inhalte</p><p class="ql-align-justify">Die Inhalte unserer Seiten wurden mit größter Sorgfalt erstellt. Für die Richtigkeit, Vollständigkeit und Aktualität der Inhalte können wir jedoch keine Gewähr übernehmen. Als Diensteanbieter sind wir gemäß § 7 Abs.1 TMG für eigene Inhalte auf diesen Seiten nach den allgemeinen Gesetzen verantwortlich. Nach §§ 8 bis 10 TMG sind wir als Diensteanbieter jedoch nicht verpflichtet, übermittelte oder gespeicherte fremde Informationen zu überwachen oder nach Umständen zu forschen, die auf eine rechtswidrige Tätigkeit hinweisen. Verpflichtungen zur Entfernung oder Sperrung der Nutzung von Informationen nach den allgemeinen Gesetzen bleiben hiervon unberührt. Eine diesbezügliche Haftung ist jedoch erst ab dem Zeitpunkt der Kenntnis einer konkreten Rechtsverletzung möglich. Bei Bekanntwerden von entsprechenden Rechtsverletzungen werden wir diese Inhalte umgehend entfernen.</p><p class="ql-align-justify">Haftung für Links</p><p class="ql-align-justify">Unser Angebot enthält Links zu externen Webseiten Dritter, auf deren Inhalte wir keinen Einfluss haben. Deshalb können wir für diese fremden Inhalte auch keine Gewähr übernehmen. Für die Inhalte der verlinkten Seiten ist stets der jeweilige Anbieter oder Betreiber der Seiten verantwortlich. Die verlinkten Seiten wurden zum Zeitpunkt der Verlinkung auf mögliche Rechtsverstöße überprüft. Rechtswidrige Inhalte waren zum Zeitpunkt der Verlinkung nicht erkennbar. Eine permanente inhaltliche Kontrolle der verlinkten Seiten ist jedoch ohne konkrete Anhaltspunkte einer Rechtsverletzung nicht zumutbar. Bei Bekanntwerden von Rechtsverletzungen werden wir derartige Links umgehend entfernen.</p><p class="ql-align-justify">Urheberrecht</p><p class="ql-align-justify">Die durch die Seitenbetreiber erstellten Inhalte und Werke auf diesen Seiten unterliegen dem deutschen Urheberrecht. Die Vervielfältigung, Bearbeitung, Verbreitung und jede Art der Verwertung außerhalb der Grenzen des Urheberrechtes bedürfen der schriftlichen Zustimmung des jeweiligen Autors bzw. Erstellers. Downloads und Kopien dieser Seite sind nur für den privaten, nicht kommerziellen Gebrauch gestattet. Soweit die Inhalte auf dieser Seite nicht vom Betreiber erstellt wurden, werden die Urheberrechte Dritter beachtet. Insbesondere werden Inhalte Dritter als solche gekennzeichnet. Sollten Sie trotzdem auf eine Urheberrechtsverletzung aufmerksam werden, bitten wir um einen entsprechenden Hinweis. Bei Bekanntwerden von Rechtsverletzungen werden wir derartige Inhalte umgehend entfernen.</p><p class="ql-align-justify">Datenschutz</p><p class="ql-align-justify">Die Nutzung unserer Webseite ist in der Regel ohne Angabe personenbezogener Daten möglich. Soweit auf unseren Seiten personenbezogene Daten (beispielsweise Name, Anschrift oder eMail-Adressen) erhoben werden, erfolgt dies, soweit möglich, stets auf freiwilliger Basis. Diese Daten werden ohne Ihre ausdrückliche Zustimmung nicht an Dritte weitergegeben.</p><p class="ql-align-justify">Wir weisen darauf hin, dass die Datenübertragung im Internet (z.B. bei der Kommunikation per E-Mail) Sicherheitslücken aufweisen kann. Ein lückenloser Schutz der Daten vor dem Zugriff durch Dritte ist nicht möglich.</p><p class="ql-align-justify">Der Nutzung von im Rahmen der Impressumspflicht veröffentlichten Kontaktdaten durch Dritte zur Übersendung von nicht ausdrücklich angeforderter Werbung und Informationsmaterialien wird hiermit ausdrücklich widersprochen. Die Betreiber der Seiten behalten sich ausdrücklich rechtliche Schritte im Falle der unverlangten Zusendung von Werbeinformationen, etwa durch Spam-Mails, vor.</p><p class="ql-align-justify"><em>Quelle: Disclaimer von eRecht24, dem Portal zum Internetrecht von Rechtsanwalt</em></p><p class="ql-align-justify"><em>Sören Siebert.</em></p><p class="ql-align-justify"><strong>Allgemeine Geschäftsbedingungen für die Buchung eines Zimmers in unserem Hotel</strong></p><p class="ql-align-justify"><strong>Geltungsbereich</strong></p><p class="ql-align-justify">Diese Geschäftsbedingungen gelten für die Verträge über die mietweise Überlassung von Hotelzimmern zur Beherbergung sowie alle für den Kunden erbrachten weiteren Leistungen und Lieferungen des Hotels.</p><p class="ql-align-justify"><strong>Vertragsabschluss, -partner, -haftung; Verjährung</strong></p><p class="ql-align-justify">- Der Vertrag kommt durch die Annahme des Antrages des Kunden durch das Hotel zustande. Dem Hotel steht es frei, die Zimmerbuchung schriftlich zu bestätigen.</p><p class="ql-align-justify">- Vertragspartner sind das Hotel und der Kunde. Hat ein Dritter für den Kunden bestellt, haftet er dem Hotel gegenüber zusammen mit dem Kunden als Gesamtschuldner für alle Verpflichtungen aus dem Hotelaufnahmevertrag, sofern dem Hotel eine entsprechende Erklärung des Dritten vorliegt.</p><p class="ql-align-justify">- Das Hotel haftet für seine Verpflichtungen aus dem Vertrag. Im nicht leistungstypischen Bereich ist die Haftung auf Vorsatz und grobe Fahrlässigkeit des Hotels beschränkt.</p><p class="ql-align-justify"><strong>Leistungen, Preise, Zahlung, Aufrechnung</strong></p><p class="ql-align-justify">- Das Hotel ist verpflichtet, die vom Kunden gebuchten Zimmer bereitzuhalten und die vereinbarten Leistungen zu erbringen.- Der Kunde ist verpflichtet, die für die Zimmerüberlassung und die von ihm in Anspruch genommenen weitere Leistungen geltenden bzw. vereinbarten Preise des Hotels spätestens bei Abreise zu zahlen. Dies gilt auch für vom Kunden veranlasste Leistungen und Auslagen des Hotels an Dritte.- Rechnungen des Hotels ohne Fälligkeitsdatum sind binnen 10 Tagen ab Zugang der Rechnung ohne Abzug zahlbar. Das Hotel ist berechtigt aufgelaufene Forderungen jederzeit fällig zu stellen und unverzügliche Zahlung zu verlangen. Bei Zahlungsverzug ist das Hotel berechtigt, Zinsen in Höhe- von 5% über dem jeweiligen Basiszinssatz bzw. dem entsprechenden Nachfolgezinssatz der Europäischen Zentralbank zu berechnen. Dem Kunden bleibt der Nachweis eines niedrigeren, dem Hotel des eines höheren Schadens vorbehalten. - Das Hotel ist berechtigt, bei Vertragsschluss oder danach, unter Berücksichtigung der rechtlichen Bestimmungen für Pauschalreisen eine angemessene Vorauszahlung oder Sicherheitsleistung zu verlangen. Die Höhe der Vorauszahlung und die Zahlungstermine können im Vertrag schriftlich vereinbart werden.- Der Kunde kann nur mit einer unstreitigen oder rechtskräftigen Forderung gegenüber einer Forderung des Hotels aufrechnen oder mindern.</p><p class="ql-align-justify"><strong>Rücktritt des Kunden (Abbestellung, Stornierung)</strong></p><p class="ql-align-justify">- Eine garantierte Reservierung liegt dann vor, wenn der Gast die Übernachtungsdienstleistung mündlich vor Ort, per Telefon oder schriftlich oder per Email bestätigt und die bestellten Zimmer nicht 7 Tage vor der Anreise storniert. Wird das Zimmer in den letzten 7 Tagen vor Anreise storniert, muss dies telefonisch erfolgen.</p><p class="ql-align-justify">Bis 7 Tage vor Anreise ist die Stornierung kostenfrei. Bei einer Stornierung bis 24 Stunden vor Anreise beträgt die Stornierungsgebühr 50% der Gesamtbuchung, danach 90% der Gesamtbuchung.</p><p class="ql-align-justify">Bei Nichterscheinen des Gastes (No Show) wird der volle Betrag des gebuchten Aufenthaltes abzüglich etwa ersparter Aufwendungen berechnet.</p><p class="ql-align-justify"><strong>Rücktritt des Hotels</strong></p><p class="ql-align-justify">- Wird eine vereinbarte Vorauszahlung auch nach Verstreichen einer vom Hotel gesetzten angemessenen Nachfrist mit Ablehnungsandrohung nicht geleistet, so ist das Hotel ebenfalls zum Rücktritt vom Vertrag berechtigt.</p><p class="ql-align-justify">- Ferner ist das Hotel berechtigt, aus sachlich gerechtfertigtem Grund vom Vertrag außerordentlich zurückzutreten, beispielsweise falls</p><p class="ql-align-justify">- höhere Gewalt oder andere vom Hotel nicht zu vertretende Umstände die Erfüllung des Vertrages unmöglich machen;- Zimmer unter irreführender oder falscher Angabe wesentlicher Tatsachen, z.B. in der Person des Kunden oder des Zwecks, gebucht werden;- das Hotel begründeten Anlass zu der Annahme hat, dass die Inanspruchnahme der Hotelleistung den reibungslosen Geschäftsbetrieb, die Sicherheit oder das Ansehen des Hotels in der Öffentlichkeit gefährden kann, ohne dass dies dem Herrschafts- bzw. Organisationsbereich des Hotels zuzurechnen ist;- ein Verstoß gegen obigen Geltungsbereich vorliegt.- Das Hotel hat den Kunden von der Ausübung des Rücktrittsrechts unverzüglich in Kenntnis zu setzen.- Bei berechtigtem Rücktritt des Hotels entsteht kein Anspruch des Kunden auf Schadensersatz.</p><p class="ql-align-justify"><strong>Zimmerbereitstellung, -übergabe, -rückgabe</strong></p><p class="ql-align-justify">- Gebuchte Zimmer stehen dem Kunden ab 17.00 Uhr des vereinbarten Anreisetages zur Verfügung.- Am vereinbarten Abreisetag sind die Zimmer dem Hotel spätestens um 14.00 Uhr geräumt zur Verfügung zu stellen. Danach kann das Hotel über den ihm dadurch entstehenden Schaden hinaus für die zusätzliche Nutzung des Zimmers nach 14.00 Uhr 10,- € pro angefangener Stunde in Rechnung zu stellen.</p><p class="ql-align-justify"><strong>Zahlungsmittel/Dienstleistungen auf später zu bezahlende Rechnungen</strong></p><p class="ql-align-justify">- Gültige Zahlungsmittel sind Bargeld in Euro und Überweisung.</p><p class="ql-align-justify"><strong>Haftung des Hotels</strong></p><p class="ql-align-justify">- Für die unbeschränkte Haftung des Hotels gelten die gesetzlichen Bestimmungen. Schadensersatzansprüche, außer wegen grober Fahrlässigkeit oder Vorsatz, sind ausgeschlossen.</p><p class="ql-align-justify">- Gegenstände oder Materialien, die in&nbsp;allgemein zugänglichen Räumen des Hotels, in den technischen Einrichtungen und in der Lounge des Hotels hinterlassen werden, gelten nicht als eingebracht. Das Hotel ist nicht Verwahrer der vom Kunden ins Hotelzimmer eingebrachten Gegenstände, gleich welcher Art diese auch sind, und haftet daher nicht für deren Schicksal, dies gilt insbesondere für sogenannte Wertgegenstände. Es wird ausdrücklich darauf hingewiesen, dass das Hotel keine Aufbewahrungsmöglichkeit in einem Hotelsafe oder ähnlichen Sicherheitsbehältnissen bietet. Die Einbringung durch den Gast erfolgt daher auf dessen eigene Gefahr. Das Hotel ist ebenfalls nicht Verwahrer für im Hotel belassene Koffer, Taschen oder Sonstiges, die nach Räumung der Zimmer im Hotel, auch in dafür zur Verfügung stehenden Räumen, belassen und später abgeholt werden.</p><p class="ql-align-justify"><strong>Schlussbestimmungen</strong></p><p class="ql-align-justify">- Änderungen oder Ergänzungen des Vertrags, der Antragsannahme oder dieser Geschäftsbedingungen für die Hotelaufnahme sollen schriftlich erfolgen. Einseitige Änderungen oder Ergänzungen durch den Kunden sind unwirksam.- Erfüllungs- und Zahlungsort ist der Sitz des Hotels.- Ausschließlicher Gerichtsstand – auch für Scheck- und Wechselstreitigkeiten – ist im kaufmännischen Verkehr der Sitz des Hotels.- Es gilt deutsches Recht.- Sollten einzelne Bestimmungen dieser Allgemeinen Geschäftsbedingungen für die Hotelaufnahme unwirksam oder nichtig sein oder werden, so wird dadurch die Wirksamkeit der übrigen Bestimmungen nicht berührt. Im Übrigen gelten die gesetzlichen Vorschriften.</p><p><br></p>','article',3,'DE');
INSERT INTO "posts" VALUES (77,15,'','<p class="ql-align-justify"><br></p>','article',3,'EN');
INSERT INTO "posts" VALUES (78,2,'Rum 4cl','<p>Sailor Jerr''s Spiced Rum 5</p><p>Havanna Club 3 Jahre 4</p><p>Havanna Club 7 Jahre 6</p><p>Kraken Black Spiced Rum 5</p><p>Botucal Blanco 5</p><p>Botucal Reserve Exclusiva 6</p><p><br></p><p>serviert im Tumbler, mit Filler (offen) +1</p><p>mit Thomas Henry 0,2l oder Saftflasche 0,2l +2</p><p><br></p>','drinks',13,'DE');
INSERT INTO "posts" VALUES (79,2,'Cocktails','<p>Cuba Libre 6</p><p>Caipirinha 6</p><p>Mojito 6</p><p>White Russian "Big Lebowsky" Style 6</p><p>Whisky Sour/ Wodka Sour 6</p><p>Moloko Plus (süß - cremig) 6.50</p><p>Happy Tiger (süß - cremig) 6.50</p><p>Moscow Mule 6.50</p><p><br></p>','drinks',13,'DE');
INSERT INTO "posts" VALUES (80,2,'Akoholfreies','<p>Viva con Aqua (Mineralwasser) 0,33l&nbsp;2</p><p>Zitronenlimonade 0,2l/0,4l 1/1.180</p><p>Orangenlimonade 0,2l/0,4l 1/1.80</p><p>Rixdorfer Fassbrause 1.80/3</p><p>Coca Cola 0,2l/0,4l 1.80/3</p><p>Coca Cola Zero 0,2l/0,4l 1.80/3</p><p>Spezi 0,2l/0,4l 1.80/3</p><p>Apfelsaft&nbsp;0,2l/0,4l 2/3.50</p><p>Orangensaft&nbsp;0,2l/0,4l 2/3.50</p><p>Maracujanektar&nbsp;0,2l/0,4l 2/3.50</p><p>als Saftschorle&nbsp;0,2l/0,4l 1.80/3</p><p>Bananenfruchtsaftgetränk 0,2l 2.20</p><p>Kirschfruchtsaftgetränk 0,2l 2.20</p><p>Mangonektar 0,2l 2.20</p><p>Schwarzer Johannisbeernektar 0,2l 2.20</p><p>als Saftschorle 0,4l 3</p><p>Kiba 0,4l 3.50</p><p>Thomas Henry Ginger Ale 0,2l Flasche 2.20</p><p>Thomas Henry Bitter Lemon 0,2l Flasche 2.20</p><p>Thomas Henry Tonic Water 0,2l 2.20</p><p>Thomas Henry Spicy Ginger 0,2l 2.20</p><p>Red Bull Dose 0,25l 3</p><p>Kraftmalz 0,33l 2</p><p>Mio Mio Mate 0,5l 3</p><p>hausgemachter Eistee (Sommer) 0,2l/0,4l 1.80/3</p><p><br></p>','drinks',14,'DE');
INSERT INTO "posts" VALUES (81,2,'Heissegetränke','<p>Kaffee klein 1.50</p><p>Kaffe groß 2.50</p><p>Espresso 1.50</p><p>Milchkaffee 2.50</p><p>Latte Macchiato 3</p><p>Cappuccino 2</p><p>Heiße Schokolade mit Milch 2.20</p><p>Heiße Schokolade mit Milch und Sahne 2.50</p><p>Eiskaffee 3</p><p>Carajillo (Espresso mit 2cl Brandy) 3</p><p>Irish Coffee (mit Tullamore Dew Irish Whiskey) 4</p><p>hausgemachter Glühwein (Winter) 2.50</p><p>Grog 2.50</p><p>Tee (diverse Sorten) 1.50</p><p>Rock''n''Roll - Tee (mit frischer Minze und Honig)</p><p>Alle Milchgetränke gibt es auch mit Sojamilch (ohne Aufpreis)</p><p>Alle Heissgetränke auf Wunsch mit Schuss +1</p><p><br></p>','drinks',15,'DE');
INSERT INTO "posts" VALUES (82,2,'Snacks','<p>Erdnüsse 1</p><p>Nachos mit hausgemachter Salsa 3.50</p><p>mit Käse 5</p><p>Bulette (auch Vegan) mit Brot 3</p><p>mit hausgemachten Kartoffelsalat 4.50</p><p><br></p>','drinks',16,'DE');
INSERT INTO "posts" VALUES (87,9,'Kontak','<p class="ql-align-justify">Wir freuen uns immer sehr über jede Form von Anmerkungen, konstruktiver Kritik oder Lob.</p><p class="ql-align-justify">Bitte kontaktiert uns!!</p><p class="ql-align-justify">&nbsp;</p><p class="ql-align-justify">Zimmerbuchungen bitte nur über das <a href="http://localhost:3000/zimmerbuchen?language=DE" rel="noopener noreferrer" target="_blank">Buchungsformular</a>!</p><p class="ql-align-justify">&nbsp;</p><p class="ql-align-justify">Fragen und Anmerkungen aller Art gerne in das Kontaktformular unten</p><p><br></p>','article',1,'DE');
INSERT INTO "posts" VALUES (88,15,'Contact','<p>We like to know what you think!!</p><p class="ql-align-justify">For any questions or feedback, please contact us using the form below.</p><p class="ql-align-justify">&nbsp;</p><p class="ql-align-justify">For rooms reservation please use the <a href="http://localhost:3000/bookaroom?language=EN" rel="noopener noreferrer" target="_blank">Book a Room</a>!</p>','article',1,'EN');
INSERT INTO "posts" VALUES (98,11,'Rum 4cl','<p>Sailor Jerr''s Spiced Rum 5</p><p>Havanna Club 3 Jahre 4</p><p>Havanna Club 7 Jahre 6</p><p>Kraken Black Spiced Rum 5</p><p>Botucal Blanco 5</p><p>Botucal Reserve Exclusiva 6</p><p><br></p><p>serviert im Tumbler, mit Filler (offen) +1</p><p>mit Thomas Henry 0,2l oder Saftflasche 0,2l +2</p>','drinks',13,'EN');
INSERT INTO "posts" VALUES (127,11,'Cocktails','<p>Cuba Libre 6</p><p>Caipirinha 6</p><p>Mojito 6</p><p>White Russian "Big Lebowsky" Style 6</p><p>Whisky Sour/ Wodka Sour 6</p><p>Moloko Plus (süß - cremig) 6.50</p><p>Happy Tiger (süß - cremig) 6.50</p><p>Moscow Mule 6.50</p>','drinks',13,'EN');
INSERT INTO "posts" VALUES (128,11,'alcohol free','<p>Viva con Aqua (Mineralwasser) 0,33l&nbsp;2</p><p>Zitronenlimonade 0,2l/0,4l 1/1.180</p><p>Orangenlimonade 0,2l/0,4l 1/1.80</p><p>Rixdorfer Fassbrause 1.80/3</p><p>Coca Cola 0,2l/0,4l 1.80/3</p><p>Coca Cola Zero 0,2l/0,4l 1.80/3</p><p>Spezi 0,2l/0,4l 1.80/3</p><p>Apfelsaft&nbsp;0,2l/0,4l 2/3.50</p><p>Orangensaft&nbsp;0,2l/0,4l 2/3.50</p><p>Maracujanektar&nbsp;0,2l/0,4l 2/3.50</p><p>als Saftschorle&nbsp;0,2l/0,4l 1.80/3</p><p>Bananenfruchtsaftgetränk 0,2l 2.20</p><p>Kirschfruchtsaftgetränk 0,2l 2.20</p><p>Mangonektar 0,2l 2.20</p><p>Schwarzer Johannisbeernektar 0,2l 2.20</p><p>als Saftschorle 0,4l 3</p><p>Kiba 0,4l 3.50</p><p>Thomas Henry Ginger Ale 0,2l Flasche 2.20</p><p>Thomas Henry Bitter Lemon 0,2l Flasche 2.20</p><p>Thomas Henry Tonic Water 0,2l 2.20</p><p>Thomas Henry Spicy Ginger 0,2l 2.20</p><p>Red Bull Dose 0,25l 3</p><p>Kraftmalz 0,33l 2</p><p>Mio Mio Mate 0,5l 3</p><p>hausgemachter Eistee (Sommer) 0,2l/0,4l 1.80/3</p><p><br></p>','drinks',14,'EN');
INSERT INTO "posts" VALUES (129,11,'Hot Drinks','<p>Kaffee klein 1.50</p><p>Kaffe groß 2.50</p><p>Espresso 1.50</p><p>Milchkaffee 2.50</p><p>Latte Macchiato 3</p><p>Cappuccino 2</p><p>Heiße Schokolade mit Milch 2.20</p><p>Heiße Schokolade mit Milch und Sahne 2.50</p><p>Eiskaffee 3</p><p>Carajillo (Espresso mit 2cl Brandy) 3</p><p>Irish Coffee (mit Tullamore Dew Irish Whiskey) 4</p><p>hausgemachter Glühwein (Winter) 2.50</p><p>Grog 2.50</p><p>Tee (diverse Sorten) 1.50</p><p>Rock''n''Roll - Tee (mit frischer Minze und Honig)</p><p>Alle Milchgetränke gibt es auch mit Sojamilch (ohne Aufpreis)</p><p>Alle Heissgetränke auf Wunsch mit Schuss +1</p><p><br></p>','drinks',15,'EN');
INSERT INTO "posts" VALUES (130,11,'Snacks','<p>Erdnüsse 1</p><p>Nachos mit hausgemachter Salsa 3.50</p><p>mit Käse 5</p><p>Bulette (auch Vegan) mit Brot 3</p><p>mit hausgemachten Kartoffelsalat 4.50</p>','drinks',16,'EN');
INSERT INTO "bookings" VALUES (1,'Torun','Wikstrom','torun.wikstrom@gmail.com','+4917661831764','1','2','Wed Aug 18 2021 17:11:09 GMT+0200 (Mitteleuropäische Sommerzeit)','','hhhhh','2021-08-18 15:16:10');
INSERT INTO "bookings" VALUES (2,'Torun','Wikstrom','torun.wikstrom@gmail.com','+4917661831764','1','2','Wed Aug 18 2021 17:17:09 GMT+0200 (Mitteleuropäische Sommerzeit)','','kkkkkk','2021-08-18 15:17:26');
INSERT INTO "bookings" VALUES (3,'Torun','Wikstrom','torun.wikstrom@gmail.com','+4917661831764','3','2','Wed Aug 18 2021 17:18:27 GMT+0200 (Mitteleuropäische Sommerzeit)','','','2021-08-18 15:19:40');
INSERT INTO "bookings" VALUES (4,'Torun','Wikstrom','torun.wikstrom@gmail.com','+4917661831764','2','2','Wed Aug 18 2021 17:18:27 GMT+0200 (Mitteleuropäische Sommerzeit)','Wed Sep 08 2021 17:18:27 GMT+0200 (Mitteleuropäische Sommerzeit)','m nm','2021-08-18 15:20:42');
INSERT INTO "bookings" VALUES (5,'Torun','Wikstrom','torun.wikstrom@gmail.com','+4917661831764','1','1','Wed Aug 18 2021 17:21:16 GMT+0200 (Mitteleuropäische Sommerzeit)','Wed Aug 18 2021 17:21:16 GMT+0200 (Mitteleuropäische Sommerzeit)','','2021-08-18 15:21:28');
INSERT INTO "bookings" VALUES (6,'Torun','Wikstrom','torun.wikstrom@gmail.com','+4917661831764','1','1','Wed Aug 18 2021 22:11:37 GMT+0200 (Mitteleuropäische Sommerzeit)','Wed Aug 18 2021 22:11:37 GMT+0200 (Mitteleuropäische Sommerzeit)','','2021-08-18 20:11:57');
INSERT INTO "bookings" VALUES (7,'Torun','Wikström','torun.wikstrom@gmail.com','0176831764','7','2','Tue Sep 14 2021 00:00:00 GMT+0200 (Mitteleuropäische Sommerzeit)','Fri Sep 17 2021 00:00:00 GMT+0200 (Mitteleuropäische Sommerzeit)','dhvjklpojkdlddknfmd','2021-09-01 15:31:33');
INSERT INTO "bookings" VALUES (8,'Torun','Wikström','torun.wikstrom@gmail.com','0176831764','7','2','Tue Sep 14 2021 00:00:00 GMT+0200 (Mitteleuropäische Sommerzeit)','Fri Sep 17 2021 00:00:00 GMT+0200 (Mitteleuropäische Sommerzeit)','dhvjklpojkdlddknfmd','2021-09-01 15:34:31');
INSERT INTO "bookings" VALUES (9,'Torun','Wikström','torun.wikstrom@gmail.com','0176831764','7','2','Tue Sep 14 2021 00:00:00 GMT+0200 (Mitteleuropäische Sommerzeit)','Fri Sep 17 2021 00:00:00 GMT+0200 (Mitteleuropäische Sommerzeit)','dhvjklpojkdlddknfmd','2021-09-01 15:35:21');
INSERT INTO "bookings" VALUES (10,'Torun','Wikström','torun.wikstrom@gmail.com','0176831764','7','2','Tue Sep 14 2021 00:00:00 GMT+0200 (Mitteleuropäische Sommerzeit)','Fri Sep 17 2021 00:00:00 GMT+0200 (Mitteleuropäische Sommerzeit)','dhvjklpojkdlddknfmd','2021-09-01 15:48:32');
INSERT INTO "bookings" VALUES (11,'torun','alenius','torun.wikstrom@gmail.com','0176178364','3','3','Tue Sep 14 2021 00:00:00 GMT+0200 (Mitteleuropäische Sommerzeit)','Wed Sep 22 2021 00:00:00 GMT+0200 (Mitteleuropäische Sommerzeit)','gvnsdaclölcda,','2021-09-01 15:52:36');
INSERT INTO "bookings" VALUES (12,'hbdshsd','jdfnjsdj','drjng@dnvd.de','0176234783','6','5','Mon Sep 13 2021 00:00:00 GMT+0200 (Mitteleuropäische Sommerzeit)','Thu Sep 16 2021 00:00:00 GMT+0200 (Mitteleuropäische Sommerzeit)','aergethrzjuhgfdsa','2021-09-01 15:59:32');
INSERT INTO "bookings" VALUES (13,'jasdnmask','sjfnskdf','sdsdkvsd@gmail.com','024982394','3','4','Mon Sep 13 2021 00:00:00 GMT+0200 (Mitteleuropäische Sommerzeit)','Tue Sep 21 2021 00:00:00 GMT+0200 (Mitteleuropäische Sommerzeit)','bsndvcdsmkcld','2021-09-01 16:05:42');
INSERT INTO "bookings" VALUES (14,'rfghjkl','fghj','bhjjjj@jng.de','876756556','3','2','Mon Sep 06 2021 00:00:00 GMT+0200 (Mitteleuropäische Sommerzeit)','Tue Sep 14 2021 00:00:00 GMT+0200 (Mitteleuropäische Sommerzeit)','rdfghjkl','2021-09-01 16:08:42');
INSERT INTO "bookings" VALUES (15,'esefsdfsd','jksdcnsd','sijdfs@sdijfsd.de','039458349','5','2','Mon Sep 13 2021 00:00:00 GMT+0200 (Mitteleuropäische Sommerzeit)','Wed Sep 15 2021 00:00:00 GMT+0200 (Mitteleuropäische Sommerzeit)','sdfsdf','2021-09-01 16:11:24');
INSERT INTO "bookings" VALUES (16,'jnxvjscn','kndvsjdvn','dnfvskdv@sjfvnosfiv.de','2338457348','3','2','Sun Sep 12 2021 00:00:00 GMT+0200 (Mitteleuropäische Sommerzeit)','Thu Sep 16 2021 00:00:00 GMT+0200 (Mitteleuropäische Sommerzeit)','','2021-09-01 21:12:28');
INSERT INTO "bookings" VALUES (17,'sdfsdf','sdfsdfsf','jdgn@kdjnfdkm.de','888888888','1','2','Sun Sep 05 2021 00:00:00 GMT+0200 (Mitteleuropäische Sommerzeit)','Wed Sep 08 2021 00:00:00 GMT+0200 (Mitteleuropäische Sommerzeit)','','2021-09-02 20:32:51');
INSERT INTO "bookings" VALUES (18,'torun','test','test@test.de','9999999999','["4"]','["1"]','Mon Sep 13 2021 00:00:00 GMT+0200 (Mitteleuropäische Sommerzeit)','Wed Sep 15 2021 00:00:00 GMT+0200 (Mitteleuropäische Sommerzeit)','','2021-09-06 13:51:04');
INSERT INTO "bookings" VALUES (19,'test','test','test@test.de','999999999','["3"]','["3"]','Mon Sep 13 2021 00:00:00 GMT+0200 (Mitteleuropäische Sommerzeit)','Mon Sep 20 2021 00:00:00 GMT+0200 (Mitteleuropäische Sommerzeit)','','2021-09-06 14:01:08');
INSERT INTO "bookings" VALUES (20,'dsfsdf','sgfef','dfgf@dfgd.de','9999999999','["4"]','["2"]','Tue Sep 07 2021 00:00:00 GMT+0200 (Mitteleuropäische Sommerzeit)','Mon Sep 27 2021 00:00:00 GMT+0200 (Mitteleuropäische Sommerzeit)','','2021-09-06 14:02:00');
INSERT INTO "bookings" VALUES (21,'test','test','test@test.de','77777777777','["6"]','["3"]','Tue Sep 07 2021 00:00:00 GMT+0200 (Mitteleuropäische Sommerzeit)','Wed Sep 08 2021 00:00:00 GMT+0200 (Mitteleuropäische Sommerzeit)','','2021-09-06 14:09:41');
INSERT INTO "bookings" VALUES (22,'test','test','tes@test.de','666666666','["5"]','["1"]','Tue Sep 07 2021 00:00:00 GMT+0200 (Mitteleuropäische Sommerzeit)','Wed Sep 08 2021 00:00:00 GMT+0200 (Mitteleuropäische Sommerzeit)','','2021-09-06 14:14:13');
INSERT INTO "bookings" VALUES (23,'test','test','test@test.de','777777777','["6"]','["4"]','Wed Sep 08 2021 00:00:00 GMT+0200 (Mitteleuropäische Sommerzeit)','Mon Sep 13 2021 00:00:00 GMT+0200 (Mitteleuropäische Sommerzeit)','','2021-09-06 14:16:54');
INSERT INTO "bookings" VALUES (24,'torun','test','torun.wikstrom@gmail.com','8888888888','["3"]','["3"]','Wed Sep 08 2021 00:00:00 GMT+0200 (Mitteleuropäische Sommerzeit)','Sat Sep 11 2021 00:00:00 GMT+0200 (Mitteleuropäische Sommerzeit)','','2021-09-06 14:21:39');
INSERT INTO "bookings" VALUES (25,'second','test','torun.wikstrom@gmail.com','999999999','["4"]','["2"]','Mon Sep 13 2021 00:00:00 GMT+0200 (Mitteleuropäische Sommerzeit)','Thu Sep 16 2021 00:00:00 GMT+0200 (Mitteleuropäische Sommerzeit)','','2021-09-06 20:31:26');
INSERT INTO "bookings" VALUES (26,'hhhh','hhhhh','hhhhh@jhdbsv.de','888888888','["4"]','["2"]','Tue Sep 07 2021 00:00:00 GMT+0200 (Mitteleuropäische Sommerzeit)','Thu Sep 09 2021 00:00:00 GMT+0200 (Mitteleuropäische Sommerzeit)','h','2021-09-06 20:45:25');
INSERT INTO "bookings" VALUES (27,'jergfnkwm','jnfcwkinv','test@test.de','7777777777','["4"]','["2"]','Tue Sep 07 2021 00:00:00 GMT+0200 (Mitteleuropäische Sommerzeit)','Wed Sep 15 2021 00:00:00 GMT+0200 (Mitteleuropäische Sommerzeit)','','2021-09-06 20:48:36');
INSERT INTO "bookings" VALUES (28,'bsc','sd v','jrgnv@kdfnv.de','4444444444','["3"]','["2"]','Mon Sep 13 2021 00:00:00 GMT+0200 (Mitteleuropäische Sommerzeit)','Thu Sep 16 2021 00:00:00 GMT+0200 (Mitteleuropäische Sommerzeit)','','2021-09-06 21:03:16');
INSERT INTO "bookings" VALUES (29,'hbsdcfi','sdbvf','test@test.de','444444444','["5"]','["2"]','Mon Sep 20 2021 00:00:00 GMT+0200 (Mitteleuropäische Sommerzeit)','Wed Sep 22 2021 00:00:00 GMT+0200 (Mitteleuropäische Sommerzeit)','','2021-09-06 21:04:32');
INSERT INTO "bookings" VALUES (30,'torun','wikstrom','torun@wikstrom.com','00000000000','["3"]','["1"]','Wed Sep 22 2021 00:00:00 GMT+0200 (Mitteleuropäische Sommerzeit)','Mon Sep 27 2021 00:00:00 GMT+0200 (Mitteleuropäische Sommerzeit)','','2021-09-20 17:40:53');
INSERT INTO "bookings" VALUES (31,'torun','wikstrom','torun@wikstrom.com','00000000000','["3"]','["1"]','Wed Sep 22 2021 00:00:00 GMT+0200 (Mitteleuropäische Sommerzeit)','Mon Sep 27 2021 00:00:00 GMT+0200 (Mitteleuropäische Sommerzeit)','','2021-09-20 17:40:57');
INSERT INTO "bookings" VALUES (32,'torun','wikatrom','torun.wikstrom@gmail.com','091380912','["6"]','["4"]','Thu Sep 23 2021 00:00:00 GMT+0200 (Mitteleuropäische Sommerzeit)','Sat Sep 25 2021 00:00:00 GMT+0200 (Mitteleuropäische Sommerzeit)','another test','2021-09-21 13:14:19');
INSERT INTO "bookings" VALUES (33,'hb','wikstom','dnelband@gmail.com','390458724','["3"]','["3"]','Thu Sep 23 2021 00:00:00 GMT+0200 (Mitteleuropäische Sommerzeit)','Tue Sep 28 2021 00:00:00 GMT+0200 (Mitteleuropäische Sommerzeit)','','2021-09-21 13:16:21');
INSERT INTO "bookings" VALUES (34,'ksgn','jfsvn','torun.wikstrom@gmail.com','88888888888','["6"]','["3"]','Wed Sep 22 2021 00:00:00 GMT+0200 (Mitteleuropäische Sommerzeit)','Tue Sep 28 2021 00:00:00 GMT+0200 (Mitteleuropäische Sommerzeit)','','2021-09-21 13:18:55');
INSERT INTO "bookings" VALUES (35,'tourn','test','test@test.de','92837443','["6"]','["3"]','Wed Sep 22 2021 00:00:00 GMT+0200 (Mitteleuropäische Sommerzeit)','Wed Sep 29 2021 00:00:00 GMT+0200 (Mitteleuropäische Sommerzeit)','','2021-09-21 13:22:39');
INSERT INTO "bookings" VALUES (36,'test','musterman','max@muste.de','736085234','["6"]','["3"]','Thu Sep 23 2021 00:00:00 GMT+0200 (Mitteleuropäische Sommerzeit)','Thu Sep 30 2021 00:00:00 GMT+0200 (Mitteleuropäische Sommerzeit)','','2021-09-21 13:29:06');
INSERT INTO "bookings" VALUES (37,'anna','test','tes@tes.de','3786876345','["4"]','["2"]','Thu Sep 23 2021 00:00:00 GMT+0200 (Mitteleuropäische Sommerzeit)','Wed Sep 29 2021 00:00:00 GMT+0200 (Mitteleuropäische Sommerzeit)','','2021-09-21 13:31:38');
INSERT INTO "bookings" VALUES (38,'last test','tes','torun@gmail.com','0786478564','["4"]','["3"]','Thu Sep 23 2021 00:00:00 GMT+0200 (Mitteleuropäische Sommerzeit)','Wed Sep 29 2021 00:00:00 GMT+0200 (Mitteleuropäische Sommerzeit)','','2021-09-21 13:40:09');
INSERT INTO "bookings" VALUES (39,'test','test','test@gmail.com','37845678426','["4"]','["1"]','Thu Sep 23 2021 00:00:00 GMT+0200 (Mitteleuropäische Sommerzeit)','Tue Sep 28 2021 00:00:00 GMT+0200 (Mitteleuropäische Sommerzeit)','','2021-09-21 13:41:10');
INSERT INTO "bookings" VALUES (40,'torun','wikstrom','torun@gmail.com','7832542','["5"]','["2"]','Wed Sep 22 2021 00:00:00 GMT+0200 (Mitteleuropäische Sommerzeit)','Sat Sep 25 2021 00:00:00 GMT+0200 (Mitteleuropäische Sommerzeit)','','2021-09-21 13:45:40');
INSERT INTO "bookings" VALUES (41,'torun','wikström','torun.wikstrom@gmail.com','803475634','["3"]','["3"]','Thu Sep 23 2021 00:00:00 GMT+0200 (Mitteleuropäische Sommerzeit)','Wed Sep 29 2021 00:00:00 GMT+0200 (Mitteleuropäische Sommerzeit)','','2021-09-22 12:30:46');
INSERT INTO "pages" VALUES (1,'home','home-de',1,'2021-07-21 18:14:21','DE');
INSERT INTO "pages" VALUES (2,'Unsere Bar','unsere bar',2,'2021-07-21 18:14:21','DE');
INSERT INTO "pages" VALUES (4,'Essen','essen',3,'2021-07-28 12:23:04','DE');
INSERT INTO "pages" VALUES (5,'Zimmer buchen','zimmerbuchen',4,'2021-07-28 12:23:28','DE');
INSERT INTO "pages" VALUES (6,'Standort','standort',6,'2021-07-28 12:23:51','DE');
INSERT INTO "pages" VALUES (9,'Kontakt','kontakt',8,'2021-07-31 19:22:44','DE');
INSERT INTO "pages" VALUES (10,'home','home',1,'2021-08-13 15:56:25','EN');
INSERT INTO "pages" VALUES (11,'Our Bar','our-bar',2,'2021-08-18 20:38:18','EN');
INSERT INTO "pages" VALUES (12,'Eating','eating',3,'2021-08-18 20:38:45','EN');
INSERT INTO "pages" VALUES (13,'Book a Room','book a room',4,'2021-08-18 20:39:22','EN');
INSERT INTO "pages" VALUES (14,'Location','location',6,'2021-08-18 20:40:42','EN');
INSERT INTO "pages" VALUES (15,'Contact','contact',8,'2021-08-18 20:41:26','EN');
COMMIT;
